{
  "model_type": "BayesianRidge",
  "features": [
    "age",
    "height_cm",
    "preop_weight_kg"
  ],
  "data_ranges": {
    "age": {
      "min": 12.0,
      "max": 73.0
    },
    "height": {
      "min": 137.0,
      "max": 205.0
    },
    "weight": {
      "min": 71.9,
      "max": 276.0
    }
  },
  "time_points": {
    "1_week": {
      "coefficients": {
        "age": 0.04035625,
        "height_cm": -0.01374183,
        "preop_weight_kg": 0.9448336
      },
      "intercept": 0.7508039,
      "residual_std": 3.8187,
      "metrics": {
        "mae": 1.85,
        "rmse": 3.82,
        "r2": 0.9791,
        "mape": 1.7,
        "n_samples": 737
      },
      "scaler_mean": [
        37.21981,
        167.817232,
        116.424559
      ],
      "scaler_scale": [
        11.635719,
        9.218817,
        27.765658
      ],
      "model_alpha": 0.069647,
      "model_coef_scaled": [
        0.46957396,
        -0.12668339,
        26.2339264
      ],
      "model_sigma": [
        [
          0.0197755029,
          0.002972105,
          -0.0018033542
        ],
        [
          0.002972105,
          0.0299435761,
          -0.0174599766
        ],
        [
          -0.0018033542,
          -0.0174599766,
          0.0296613419
        ]
      ]
    },
    "1_month": {
      "coefficients": {
        "age": 0.039202,
        "height_cm": -0.01710619,
        "preop_weight_kg": 0.91349781
      },
      "intercept": -0.54069357,
      "residual_std": 4.3383,
      "metrics": {
        "mae": 3.34,
        "rmse": 4.34,
        "r2": 0.971,
        "mape": 3.12,
        "n_samples": 1041
      },
      "scaler_mean": [
        37.649376,
        167.15293,
        123.212104
      ],
      "scaler_scale": [
        11.47101,
        9.208398,
        27.575239
      ],
      "model_alpha": 0.053615,
      "model_coef_scaled": [
        0.44968656,
        -0.15752059,
        25.18992074
      ],
      "model_sigma": [
        [
          0.018259499,
          0.0028966674,
          -0.0017347356
        ],
        [
          0.0028966674,
          0.0246343823,
          -0.0125766385
        ],
        [
          -0.0017347356,
          -0.0125766385,
          0.0243396659
        ]
      ]
    },
    "3_month": {
      "coefficients": {
        "age": 0.10353022,
        "height_cm": -0.08035998,
        "preop_weight_kg": 0.83384795
      },
      "intercept": 4.64880884,
      "residual_std": 5.5162,
      "metrics": {
        "mae": 4.06,
        "rmse": 5.52,
        "r2": 0.9418,
        "mape": 4.19,
        "n_samples": 860
      },
      "scaler_mean": [
        37.654651,
        166.850233,
        123.795581
      ],
      "scaler_scale": [
        11.42877,
        9.151581,
        26.953917
      ],
      "model_alpha": 0.033018,
      "model_coef_scaled": [
        1.18322301,
        -0.73542084,
        22.47546872
      ],
      "model_sigma": [
        [
          0.0360779839,
          0.0063495824,
          -0.004423838
        ],
        [
          0.0063495824,
          0.0486116007,
          -0.0249327493
        ],
        [
          -0.004423838,
          -0.0249327493,
          0.0480365448
        ]
      ]
    },
    "6_month": {
      "coefficients": {
        "age": 0.18985767,
        "height_cm": 0.02627053,
        "preop_weight_kg": 0.66921251
      },
      "intercept": -8.58177859,
      "residual_std": 8.0159,
      "metrics": {
        "mae": 5.5,
        "rmse": 8.02,
        "r2": 0.851,
        "mape": 6.46,
        "n_samples": 831
      },
      "scaler_mean": [
        37.779783,
        167.018291,
        124.392539
      ],
      "scaler_scale": [
        11.562976,
        9.151831,
        28.275875
      ],
      "model_alpha": 0.015871,
      "model_coef_scaled": [
        2.19531966,
        0.24042346,
        18.92256927
      ],
      "model_sigma": [
        [
          0.0776413122,
          0.0140061967,
          -0.0076327414
        ],
        [
          0.0140061967,
          0.1052051221,
          -0.0539365456
        ],
        [
          -0.0076327414,
          -0.0539365456,
          0.1034288152
        ]
      ]
    },
    "12_month": {
      "coefficients": {
        "age": 0.31874152,
        "height_cm": 0.13379435,
        "preop_weight_kg": 0.52111757
      },
      "intercept": -22.33565409,
      "residual_std": 9.1343,
      "metrics": {
        "mae": 6.94,
        "rmse": 9.13,
        "r2": 0.7403,
        "mape": 9.24,
        "n_samples": 548
      },
      "scaler_mean": [
        37.967153,
        166.918066,
        123.589964
      ],
      "scaler_scale": [
        11.442287,
        9.11301,
        27.388724
      ],
      "model_alpha": 0.012095,
      "model_coef_scaled": [
        3.64713196,
        1.21926925,
        14.27274515
      ],
      "model_sigma": [
        [
          0.1556023521,
          0.0322543905,
          -0.0210510773
        ],
        [
          0.0322543905,
          0.2114889068,
          -0.109763578
        ],
        [
          -0.0210510773,
          -0.109763578,
          0.2076509324
        ]
      ]
    }
  }
}